{
    "110": "baseMaxLifePoints",
    "127": "movementPoints",
    "128": "movementPoints",
    "169": "movementPoints",
    "2848": "movementPointsPercent",
    "2849": "movementPointsPercent",
    "101": "actionPoints",
    "111": "actionPoints",
    "168": "actionPoints",
    "2846": "actionPointsPercent",
    "2847": "actionPointsPercent",
    "145": "allDamagesBonus",
    "112": "allDamagesBonus",
    "142": "physicalDamagesBonus",
    "186": "damagesBonusPercent",
    "138": "damagesBonusPercent",
    "182": "summonableCreaturesBoost",
    "215": "earthElementResistPercent",
    "210": "earthElementResistPercent",
    "216": "waterElementResistPercent",
    "211": "waterElementResistPercent",
    "217": "airElementResistPercent",
    "212": "airElementResistPercent",
    "218": "fireElementResistPercent",
    "213": "fireElementResistPercent",
    "219": "neutralElementResistPercent",
    "214": "neutralElementResistPercent",
    "116": "range",
    "117": "range",
    "157": "strength",
    "118": "strength",
    "2835": "strengthPercent",
    "2834": "strengthPercent",
    "154": "agility",
    "119": "agility",
    "2837": "agilityPercent",
    "2836": "agilityPercent",
    "152": "chance",
    "123": "chance",
    "2841": "chancePercent",
    "2840": "chancePercent",
    "156": "wisdom",
    "124": "wisdom",
    "2843": "wisdomPercent",
    "2842": "wisdomPercent",
    "153": "vitality",
    "125": "vitality",
    "2844": "vitality",
    "2845": "vitality",
    "155": "intelligence",
    "126": "intelligence",
    "2839": "intelligencePercent",
    "2838": "intelligencePercent",
    "225": "trapBonus",
    "226": "trapBonusPercent",
    "245": "earthElementReduction",
    "240": "earthElementReduction",
    "246": "waterElementReduction",
    "241": "waterElementReduction",
    "247": "airElementReduction",
    "242": "airElementReduction",
    "248": "fireElementReduction",
    "243": "fireElementReduction",
    "249": "neutralElementReduction",
    "244": "neutralElementReduction",
    "122": "criticalMiss",
    "115": "criticalHit",
    "171": "criticalHit",
    "174": "initiative",
    "175": "initiative",
    "176": "prospecting",
    "177": "prospecting",
    "178": "healBonus",
    "1039": "shieldPoints",
    "1040": "shieldPoints",
    "1047": "lifePointsMalus",
    "1048": "lifePointsMalus",
    "220": "reflectorUnboosted",
    "162": "dodgePALostProbability",
    "160": "dodgePALostProbability",
    "2854": "dodgePALostProbabilityPercent",
    "2855": "dodgePALostProbabilityPercent",
    "163": "dodgePMLostProbability",
    "161": "dodgePMLostProbability",
    "2856": "dodgePMLostProbabilityPercent",
    "2857": "dodgePMLostProbabilityPercent",
    "121": "allDamagesBonus",
    "159": "maximumWeight",
    "158": "maximumWeight",
    "173": "physicalReduction",
    "184": "physicalReduction",
    "172": "magicalReduction",
    "183": "magicalReduction",
    "752": "tackleEvade",
    "2852": "tackleEvadePercent",
    "753": "tackleBlock",
    "2850": "tackleBlockPercent",
    "754": "tackleEvade",
    "2853": "tackleEvadePercent",
    "755": "tackleBlock",
    "2851": "tackleBlockPercent",
    "776": "permanentDamagePercent",
    "1076": "globalResistPercentBonus",
    "1077": "globalResistPercentMalus",
    "410": "PAAttack",
    "411": "PAAttack",
    "2858": "PAAttackPercent",
    "2859": "PAAttackPercent",
    "412": "PMAttack",
    "413": "PMAttack",
    "2860": "PMAttackPercent",
    "2861": "PMAttackPercent",
    "414": "pushDamageBonus",
    "415": "pushDamageBonus",
    "417": "pushDamageFixedResist",
    "150": "invisibilityState",
    "1144": "weaponDamagesBonusPercent",
    "2800": "meleeDamageDonePercent",
    "2801": "meleeDamageDonePercent",
    "2802": "meleeDamageReceivedPercent",
    "2803": "meleeDamageReceivedPercent",
    "2804": "rangedDamageDonePercent",
    "2805": "rangedDamageDonePercent",
    "2806": "rangedDamageReceivedPercent",
    "2807": "rangedDamageReceivedPercent",
    "2808": "weaponDamageDonePercent",
    "2809": "weaponDamageDonePercent",
    "2810": "weaponDamageReceivedPercent",
    "2811": "weaponDamageReceivedPercent",
    "2812": "spellDamageDonePercent",
    "2813": "spellDamageDonePercent",
    "2814": "spellDamageReceivedPercent",
    "2815": "spellDamageReceivedPercent"
}