{
    "1027": "94",
    "110": "0",
    "127": "23",
    "128": "23",
    "169": "23",
    "101": "1",
    "111": "1",
    "168": "1",
    "145": "16",
    "112": "16",
    "142": "32",
    "182": "26",
    "116": "19",
    "117": "19",
    "157": "10",
    "118": "10",
    "154": "14",
    "119": "14",
    "152": "13",
    "123": "13",
    "156": "12",
    "124": "12",
    "153": "11",
    "125": "11",
    "155": "15",
    "126": "15",
    "225": "70",
    "245": "54",
    "240": "54",
    "246": "56",
    "241": "56",
    "247": "57",
    "242": "57",
    "248": "55",
    "243": "55",
    "249": "58",
    "244": "58",
    "122": "39",
    "115": "18",
    "171": "18",
    "174": "44",
    "175": "44",
    "176": "48",
    "177": "48",
    "178": "49",
    "162": "27",
    "160": "27",
    "163": "28",
    "161": "28",
    "121": "16",
    "752": "78",
    "753": "79",
    "754": "78",
    "755": "79",
    "410": "82",
    "411": "82",
    "412": "83",
    "413": "83",
    "414": "84",
    "415": "84",
    "416": "85",
    "417": "85",
    "150": "24",
    "266": "13",
    "267": "11",
    "268": "14",
    "269": "15",
    "270": "12",
    "271": "10"
}