{
    "186": "25",
    "138": "25",
    "215": "33",
    "210": "33",
    "216": "35",
    "211": "35",
    "217": "36",
    "212": "36",
    "218": "34",
    "213": "34",
    "219": "37",
    "214": "37",
    "2844": "11",
    "2845": "11",
    "226": "69",
    "776": "75",
    "1076": "101",
    "1077": "101",
    "1144": "31",
    "2800": "125",
    "2801": "125",
    "2802": "124",
    "2803": "124",
    "2804": "120",
    "2805": "120",
    "2806": "121",
    "2807": "121",
    "2808": "122",
    "2809": "122",
    "2810": "142",
    "2811": "142",
    "2812": "123",
    "2813": "123",
    "2814": "141",
    "2815": "141",
    "1171": "107"
}